<?xml version="1.0" encoding="UTF-8"?>
<!DOCTYPE mapper PUBLIC "-//mybatis.org//DTD Mapper 3.0//EN"
                        "http://mybatis.org/dtd/mybatis-3-mapper.dtd">



<mapper namespace="kr.or.kosta.springmvc.board.MybatisBoardDAO">

	<!-- 게시글 생성 -->
	<insert id="create"
		parameterType="kr.or.kosta.springmvc.board.domain.Board">

		INSERT INTO board
					 ( 
					   bno
					 , title
					 , content
					 , writer
					 ) VALUES (
					   board_bno_seq.nextval
					 , #{title}
					 , #{content}
					 , #{writer}
					 )
	</insert>

	<!-- 게시물 조회 -->
	<select id="read"
		resultType="kr.or.kosta.springmvc.board.domain.Board">
		SELECT bno
		     , title
		     , content
		     , writer
		     , regdate
		     , viewcnt
		     , replycnt
		  FROM board
		 WHERE bno = #{bno}
	</select>

	<!-- 게시물 수정 -->
	<update id="update">
		UPDATE board
		   SET title = #{title}
		     , content = #{content}
		 WHERE bno = #{bno}
	</update>

	<!-- 게시물 삭제 -->
	<delete id="delete">
		DELETE 
		  FROM board
		 WHERE bno = #{bno}
	</delete>

	<!-- 전체글 조회 -->
	<select id="listAll" resultType="kr.or.kosta.springmvc.board.domain.Board">
		<![CDATA[
		SELECT bno
		     , title
		     , content
		     , writer
		     , to_char(regdate, 'YYYY-MM-DD HH24:mi:ss') as regdate
		     , viewcnt
		  FROM board
		 WHERE bno > 0
		 ORDER BY bno DESC , regdate DESC
		]]>
	</select>

	<!-- 전체글 조회 (페이징처리) -->
	<select id="listPage" parameterType="int" resultType="kr.or.kosta.springmvc.board.domain.Board">
		<![CDATA[
			SELECT rn
			     , bno
			     , title
			     , content
			     , writer
			     , regdate
			     , viewcnt
			  FROM (SELECT CEIL(rn / 10) as page
			             , rn
			             , bno
			             , title
			             , content
			             , writer
			             , regdate
			             , viewcnt
			          FROM (SELECT rownum as rn
			                     , bno
			                     , title
			                     , content
			                     , writer
			                     , regdate
			                     , viewcnt
			                  FROM board
			                  ORDER BY bno desc
			               ))
			 WHERE page = #{page}
		]]>
	</select>
	
	<select id="listCriteria" parameterType="kr.or.kosta.springmvc.board.domain.Criteria" resultType="kr.or.kosta.springmvc.board.domain.Board">
		<![CDATA[
			SELECT rn
			     , bno
			     , title
			     , content
			     , writer
			     , to_char(regdate, 'YYYY-MM-DD HH24:mi:ss') regdate
			     , viewcnt
			     , replycnt
			  FROM (SELECT CEIL(rn / #{perPageNum}) as page
			             , rn
			             , bno
			             , title
			             , content
			             , writer
			             , regdate
			             , viewcnt
			             , replycnt
			          FROM (SELECT rownum as rn
			                     , bno
			                     , title
			                     , content
			                     , writer
			                     , regdate
			                     , viewcnt
			                     , replycnt
			                  FROM board
			                  ORDER BY bno desc, regdate desc
			               ))
			 WHERE page = #{page}
		]]>
	</select>

	<select id="countPaging" parameterType="kr.or.kosta.springmvc.board.domain.Criteria" resultType="int">
		<![CDATA[
			SELECT count(bno)
			  FROM board
			 WHERE bno > 0
		]]>
	</select>
	
	<select id="listSearch" resultType="kr.or.kosta.springmvc.board.domain.Board">
		<![CDATA[
			SELECT rn
			     , bno
			     , title
			     , content
			     , writer
			     , to_char(regdate, 'YYYY-MM-DD HH24:mi:ss') regdate
			     , viewcnt
			     , replycnt
			  FROM (SELECT CEIL(rn / #{perPageNum}) as page
			             , rn
			             , bno
			             , title
			             , content
			             , writer
			             , regdate
			             , viewcnt
			             , replycnt
			          FROM (SELECT rownum as rn
			                     , bno
			                     , title
			                     , content
			                     , writer
			                     , regdate
			                     , viewcnt
			                     , replycnt
			                  FROM board
			                 WHERE bno > 0
		]]>
		<include refid="search"></include>
		<![CDATA[
		                   ORDER BY bno desc
		                 )
		          )
		    WHERE page = #{page}
		]]>
	</select>
	
	<update id="updateReplyCnt">
		UPDATE board
		   SET replycnt = (SELECT COUNT(bno) FROM reply WHERE bno = #{bno})
		 WHERE bno = #{bno}
	</update>
	
	<update id="updateViewCnt">
		UPDATE board
		   SET viewcnt = viewcnt + 1
		 WHERE bno = #{bno}
	</update>
	
	<select id="listSearchCount" resultType="int">
		<![CDATA[
			SELECT COUNT(bno)
			  FROM board
			 WHERE bno > 0
		]]>
	</select>
	
	<insert id="addAttach">
		INSERT INTO attach 
		            (
		            	fullname
		            , bno
		            ) VALUES (
		            	#{fullName}
		            , board_bno_seq.currval
		            )
	</insert>
	
	<sql id="search">
		<if test="searchType != null">
			<if test='searchType.equals("t")'>
				 C title LIKE '%' || #{keyword} || '%'
			</if>
			<if test='searchType.equals("c")'>
			   AND content LIKE '%' || #{keyword} || '%'
			</if>
			<if test='searchType.equals("w")'>
			   AND writer LIKE '%' || #{keyword} || '%'
			</if>
			<if test='searchType.equals("tc")'>
			   AND (title LIKE '%' || #{keyword} || '%' 
			    OR content LIKE '%' || #{keyword} || '%')
			</if>
			<if test='searchType.equals("cw")'>
			   AND (content LIKE '%' || #{keyword} || '%' 
			    OR writer LIKE '%' || #{keyword} || '%')
			</if>
			<if test='searchType.equals("tcw")'>
				 AND (title LIKE '%' || #{keyword} || '%' 
				  OR content LIKE '%' || #{keyword} || '%' 
				  OR writer LIKE '%' || #{keyword} || '%')
			</if>
		</if>
	</sql>
</mapper>